<?xml version="1.0" encoding="UTF-8"?>
<project-private xmlns="http://www.netbeans.org/ns/project-private/1">
    <editor-bookmarks xmlns="http://www.netbeans.org/ns/editor-bookmarks/2" lastBookmarkId="0"/>
    <open-files xmlns="http://www.netbeans.org/ns/projectui-open-files/2">
        <group>
            <file>file:/Users/user/NetBeansProjects/MovieTickets/src/movietickets/AdultMovie.java</file>
            <file>file:/Users/user/NetBeansProjects/MovieTickets/src/movietickets/ETicket.java</file>
            <file>file:/Users/user/NetBeansProjects/MovieTickets/src/movietickets/KidsMovie.java</file>
            <file>file:/Users/user/NetBeansProjects/MovieTickets/src/movietickets/Personalinformation.java</file>
            <file>file:/Users/user/NetBeansProjects/MovieTickets/src/movietickets/Mainscreen.java</file>
            <file>file:/Users/user/NetBeansProjects/MovieTickets/src/movietickets/MovieTickets.java</file>
            <file>file:/Users/user/NetBeansProjects/MovieTickets/src/movietickets/Summary.java</file>
        </group>
    </open-files>
</project-private>
